epoch,accuracy,val_accuracy,loss,val_loss,learning_rate
1,0.27018633484840393,0.3001876175403595,1.785748839378357,1.6602232456207275,9.999999747378752e-05
2,0.3472437858581543,0.3480300307273865,1.5538214445114136,1.5783329010009766,9.999999747378752e-05
3,0.3928571343421936,0.3864915668964386,1.4743448495864868,1.5164296627044678,9.999999747378752e-05
4,0.4161490797996521,0.40900564193725586,1.4397276639938354,1.527957797050476,9.999999747378752e-05
5,0.43225932121276855,0.42307692766189575,1.3851603269577026,1.5079469680786133,9.999999747378752e-05
6,0.47049689292907715,0.4409005641937256,1.3192304372787476,1.4725795984268188,9.999999747378752e-05
7,0.4961180090904236,0.4409005641937256,1.2659882307052612,1.4498752355575562,9.999999747378752e-05
8,0.5176630616188049,0.445591002702713,1.2260544300079346,1.4988675117492676,9.999999747378752e-05
9,0.5479425191879272,0.4530956745147705,1.1756561994552612,1.5867421627044678,9.999999747378752e-05
10,0.5708462595939636,0.45684802532196045,1.1253540515899658,1.5476839542388916,9.999999747378752e-05
11,0.5980201959609985,0.4587242007255554,1.0773582458496094,1.5553011894226074,9.999999747378752e-05
12,0.6315993666648865,0.4662289023399353,0.9904346466064453,1.5503813028335571,4.999999873689376e-05
13,0.6539208292961121,0.4812382757663727,0.9263774752616882,1.4982150793075562,4.999999873689376e-05
14,0.6630434989929199,0.47560974955558777,0.9084445238113403,1.5769705772399902,4.999999873689376e-05
15,0.676630437374115,0.4812382757663727,0.8756130933761597,1.5562865734100342,4.999999873689376e-05
16,0.7028338313102722,0.47560974955558777,0.8165557980537415,1.5897927284240723,2.499999936844688e-05
17,0.7113742232322693,0.47748592495918274,0.792963445186615,1.5912669897079468,2.499999936844688e-05
18,0.7156444191932678,0.4718573987483978,0.7805191278457642,1.6556974649429321,2.499999936844688e-05
19,0.7135093212127686,0.48405253887176514,0.7710162997245789,1.6228110790252686,2.499999936844688e-05
20,0.7311723828315735,0.4812382757663727,0.7302387952804565,1.6223864555358887,1.249999968422344e-05
21,0.7381599545478821,0.47654783725738525,0.7342096567153931,1.6797034740447998,1.249999968422344e-05
22,0.7470884919166565,0.4812382757663727,0.7138137817382812,1.6469649076461792,1.249999968422344e-05
23,0.7496117949485779,0.47748592495918274,0.7190743088722229,1.6396013498306274,1.249999968422344e-05
24,0.75,0.48217636346817017,0.6997132897377014,1.6509565114974976,6.24999984211172e-06
25,0.7620341777801514,0.47748592495918274,0.6805605888366699,1.6610490083694458,6.24999984211172e-06
26,0.7567934989929199,0.48311445116996765,0.6905098557472229,1.6511549949645996,6.24999984211172e-06
27,0.7620341777801514,0.4746716618537903,0.6843951940536499,1.6815850734710693,6.24999984211172e-06
28,0.7562111616134644,0.48405253887176514,0.6757438778877258,1.6737014055252075,3.12499992105586e-06
29,0.7564052939414978,0.48217636346817017,0.672552227973938,1.660120964050293,3.12499992105586e-06
30,0.7639751434326172,0.48311445116996765,0.6628761887550354,1.6731526851654053,3.12499992105586e-06
31,0.7713509202003479,0.48311445116996765,0.6534929275512695,1.688715934753418,3.12499992105586e-06
